invoice_no,customer_name,po_number,delivery_no,invoice_date,amount_usd,currency,payment_terms,status
INV-808,Acme Corp,PO-5510,DEL-7701,2026-02-01,10000.00,USD,NET30,OPEN
INV-810,Acme Corp,PO-5541,DEL-7705,2026-02-03,10000.00,USD,NET30,OPEN
INV-902,Globex Industries,PO-6001,DEL-7720,2026-02-05,10000.00,USD,NET45,OPEN
INV-931,Initech LLC,PO-6120,DEL-7712,2026-02-08,7200.00,USD,NET30,OPEN
INV-955,Soylent Corp,PO-6188,DEL-7733,2026-02-18,4300.00,USD,NET30,OPEN
INV-1102,Umbrella Health,PO-6301,DEL-7750,2026-02-20,9000.00,USD,NET30,OPEN
INV-1103,Umbrella Health,PO-6301,DEL-7751,2026-02-21,6000.00,USD,NET30,OPEN
INV-1180,Stark Industries,PO-6410,DEL-7768,2026-02-24,9000.00,USD,NET30,OPEN
INV-1201,Hooli Inc,PO-6455,DEL-7779,2026-02-26,11000.00,USD,NET30,OPEN
